{
  "users": [
    {
      "id": 3,
      "name": "Clementine Bauch",
      "email": "Nathan@yesenia.net",
      "phone": "1-463-123-4447"
    },
    {
      "id": 4,
      "name": "Patricia Lebsack",
      "email": "Julianne.OConner@kory.org",
      "phone": "493-170-9623 x156"
    },
    {
      "id": 5,
      "name": "Chelsey Dietrich",
      "email": "Lucio_Hettinger@annie.ca",
      "phone": "(254)954-1289"
    },
    {
      "id": 6,
      "name": "Mrs. Dennis Schulist",
      "email": "Karley_Dach@jasper.info",
      "phone": "1-477-935-8478 x6430"
    },
    {
      "id": 7,
      "name": "Nicholas Runolfsdottir V",
      "email": "Maxime_Nienow",
      "phone": "586.493.6943 x14"
    },
    {
      "id": "098",
      "name": "Daedae",
      "email": "dae.marie.manrique@accenture.com",
      "phone": "09980"
    },
    {
      "id": "37",
      "name": "Daedae",
      "email": "dae.marie.manrique@accenture.com",
      "phone": "098765"
    }
  ]
}